nStrings,Training Time
729,0.05478787422180176
4096,0.26859045028686523
15625,1.3698921203613281
46656,6.8026769161224365
